"id_proposta_vda_monitorada","cliente","descricao_proposta","situacao_proposta","data_proposta","usuario","vlr_proposta"
42791,622320,INTRODUÃ├O STARLUX ENERGY,E,2025-01-02 10:04:00.000,172650,1.00
42792,900649,INTRODUÃ├O MAPEX,R,2025-01-03 08:28:00.000,172114,1.00
42793,904555,AJUSTE DENTIL BOB ESPONJA TABELA,A,2025-01-03 09:47:00.000,172650,2973.60
42794,629309,INTRODUÃ├O ISABABY DROGARIAS,R,2025-01-03 14:22:00.000,172650,1.00
42795,140034,NEGOCIAÃ├O ESCOLAR,A,2025-01-03 15:58:00.000,172650,22770.58
42796,93207,PROPOSTA INTRODUCAO CARMED,A,2025-01-03 16:49:00.000,151662,36930.88
42797,904555,COMMODITIES ERRO COTACAO,A,2025-01-03 17:26:00.000,172650,15989.68
42798,811965,NEGOCIAÃ├O MATERIAL ESCOLAR,R,2025-01-04 10:56:00.000,131656,1.00
42799,622320,VOLTA AS AULAS 2025,A,2025-01-04 11:45:00.000,172650,1.00
42800,563274,INTRODUÃ├O CARMED,R,2025-01-06 11:32:00.000,131656,1.00
42801,745104,INTRODUÃ├O STARLUX ENERGY,A,2025-01-07 16:08:00.000,172114,1563.53
42802,762879,NEGOCIAÃ├O TEMPORADA ESCOLAR 2025,A,2025-01-07 17:01:00.000,166082,218661.60
42803,554763,NEGOCIAÃ├O TEMPORADA ESCOLAR,R,2025-01-07 18:37:00.000,166082,0.10
42804,875673,INTRODUÃ├O E REPOSIÃ├O MAPEX,R,2025-01-08 08:26:00.000,158188,18000.00
42805,703132,REPOSIÃ├O BBOAT,A,2025-01-08 08:43:00.000,175646,7900.56
42806,745726,NEGOCIAÃ├O MONITORADOS,A,2025-01-08 09:40:00.000,154815,21000.00
42807,444460,NEGOCIAÃ├O MAPEX,A,2025-01-08 13:39:00.000,166082,5984.62
42808,444460,NEGOCIAÃ├O TEMPORADA ESCOLAR,R,2025-01-08 13:40:00.000,166082,0.10
42809,912200,NEGOCIAÃ├O MAPEX,A,2025-01-08 13:41:00.000,166082,31552.03
42810,841765,NEGOCIAÃ├O PILHAS,R,2025-01-08 16:02:00.000,131656,1.00
42811,536098,VOLTA AS AULAS,E,2025-01-08 21:07:00.000,172650,10302.36
42812,117097,NEGOCIAÃ├O ESCOLAR,R,2025-01-08 21:11:00.000,172650,9613.77
42813,83652,VOLTAS AS AULAS 2025,A,2025-01-08 21:13:00.000,172650,18620.99
42814,978352,INTRODUÃ├O FRALDAS E PILHAS,A,2025-01-08 21:17:00.000,172650,17069.52
42815,829565,ESCOLAR REDE LUCAS,R,2025-01-08 21:30:00.000,172650,1.00
42816,598854,REPOSICAO / INTRODUCAO MAPEX,A,2025-01-09 09:33:00.000,151662,45059.00
42817,749229,NEGOCIAÃ├O STARLUX ENERGY,R,2025-01-09 10:33:00.000,131656,1.00
42818,706443,NEGOCIAÃ├O MAPEX,R,2025-01-09 16:30:00.000,166082,0.10
42819,588275,PROPOSTAS@ARCOM,R,2025-01-09 16:51:00.000,161240,1.00
42820,842297,NEGOCIAÃ├O MAPEX,R,2025-01-10 08:36:00.000,166082,0.10
42821,130536,NEGOCIAÃ├O MAPEX,R,2025-01-10 11:02:00.000,131656,1.00
42822,193627,INTRODUÃ├O STARSCHOOL,A,2025-01-10 14:16:00.000,131656,5499.64
42870,870026,NEGOCIAÃ├O MAPEX,A,2025-01-10 17:24:00.000,166082,65537.94
42871,880442,NEGOCIAÃ├O TEMPORADA ESCOLAR,A,2025-01-11 10:02:00.000,166082,6334.53
42872,76881,INTRODUÃ├O CARMED,R,2025-01-13 11:20:00.000,172114,40000.00
42873,896865,LIBERAÃ├O LVPG,A,2025-01-13 12:27:00.000,172650,1.00
42874,93679,INTRODUCAO V.A STARSCHOOL,R,2025-01-13 14:00:00.000,151662,10000.00
42875,162453,INTRODUCAO MARCAS PARA NEGOCIAÃ├O MOTO,E,2025-01-13 16:03:00.000,151662,10082.74
42876,52560,PROPOSTA UNIVERSO INFANTIL REATIVAÃ├O,R,2025-01-13 16:44:00.000,172650,1.00
42877,851925,NEGOCIAÃ├O MAPEX,R,2025-01-13 17:30:00.000,166082,0.10
42878,41349,NEGOCIAÃ├O MAPEX,A,2025-01-14 08:04:00.000,166082,28063.20
42879,829565,REPOSIÃ├O MIX MAPEX,A,2025-01-14 10:19:00.000,172650,24726.06
42880,550853,INTRODUÃ├O MAPEX,R,2025-01-14 10:38:00.000,166082,0.10
42881,135222,REPOSICAO MAPEX,A,2025-01-14 17:35:00.000,151662,2708.38
42882,715792,AÃıES JANEIRO,A,2025-01-15 08:57:00.000,172650,342824.00
42883,905502,PROPOSTA JANEIRO VOLUME MENSAL,A,2025-01-15 09:27:00.000,172650,161897.61
42884,919162,"EDUARDO SOUSA - PROPOSTA TRIM - R$ 65.192,00",A,2025-01-15 10:00:00.000,175646,65192.00
42885,11371,ANDRESSA PROPOSTA CROCKS,A,2025-01-15 10:13:00.000,172650,10453.85
42886,115452,"EDUARDO SOUSA PROPOSTA CROCKS - R$ 46.000,00",R,2025-01-15 10:13:00.000,175646,1.00
42887,82586,AÃ├O TOALHINHAS TRIANGULO,R,2025-01-15 10:40:00.000,172650,1.00
42888,338615,INTRODUÃ├O CROCKS,R,2025-01-15 10:47:00.000,131656,1.00
42889,656755, ANDRESSA PROPOSTA TRIM,R,2025-01-15 10:57:00.000,172650,1.00
42890,640556,INTRODUÃ├O E REPOSIÃ├O COTY / TRIM,R,2025-01-15 11:06:00.000,158188,16000.00
42891,573850,INTRODUÃ├O E REPOSIÃ├O COTY / CROCKS,R,2025-01-15 11:17:00.000,158188,16000.00
42892,76069,"ANDRESSA PROPOSTA CROCKS - 20.135,57",A,2025-01-15 11:32:00.000,172650,20375.57
42893,622320,"ANDRESSA PROPOSTA CROCKS - R$18.647,88",A,2025-01-15 11:33:00.000,172650,18647.88
42894,593902," ROBERTA - PROPOSTA COTY EXCLUSIVOS - R$: 10.171,62",A,2025-01-15 11:37:00.000,172114,10171.62
42895,855174,NEGOCIAÃ├O MAPEX,R,2025-01-16 09:47:00.000,131656,1.00
42896,396735,GISLENE INTRO/REPO COTY,R,2025-01-16 11:00:00.000,131656,1.00
42897,338615,GISLENE NEGOCIAÃ├O COTY,R,2025-01-16 11:04:00.000,131656,1.00
42898,509268,PROPOSTA BH - FRALDAS,R,2025-01-16 14:33:00.000,172650,1.00
42899,83652,"ANDRESSA PROPOSTA TRIM R$18.111,82",A,2025-01-16 17:14:00.000,172650,19854.42
42900,353785,GISLENE NEGOCIAÃ├O COTY,R,2025-01-16 17:27:00.000,131656,1.00
42901,376795,CARLOS VAZ PROPOSTA COTY,R,2025-01-16 20:54:00.000,166082,0.10
42902,76011,CARLOS VAZ PROPOSTA COTY,R,2025-01-16 21:28:00.000,166082,0.10
42903,10756,JBP 2025,E,2025-01-16 21:29:00.000,172650,1.00
42904,611150,REPOSIÃ├O MAPEX,A,2025-01-16 21:33:00.000,172650,30297.97
42905,76011,CARLOS VAZ PROPOSTA TRIM,R,2025-01-16 21:53:00.000,166082,0.10
42906,752427,CARLOS VAZ PROPOSTA COTY,R,2025-01-16 21:57:00.000,166082,0.10
42907,629309,INTRODUÃ├O STARLUX ENERGY,R,2025-01-16 22:05:00.000,172650,1.00
42908,846960,CARLOS VAZ PROPOSTA COTY,R,2025-01-16 22:12:00.000,166082,0.10
42909,767565,ANDRESSA PROPOSTA COTY,R,2025-01-16 22:33:00.000,172650,1.00
42910,76220,CARLOS VAZ PROPOSTA COTY E TRIM,A,2025-01-16 23:18:00.000,166082,9988.00
42911,779639,NEGOCIAÃ├O MAPEX,R,2025-01-16 23:39:00.000,166082,6048.90
42912,509268, ANDRESSA PROPOSTA COTY,R,2025-01-17 09:29:00.000,172650,1.00
42913,575524,GISLENE PROPOSTA TRIM,R,2025-01-17 10:07:00.000,131656,1.00
42914,600103,GISLENE PROPOSTA COTY,R,2025-01-17 10:25:00.000,131656,1.00
42915,148658,AÃıES JANEIRO,A,2025-01-17 11:13:00.000,172650,21446.72
42916,23047,GISLENE PROPOSTA CROCKS,R,2025-01-17 11:29:00.000,131656,1.00
42917,571948,GISLENE PROPOSTA COTY,R,2025-01-17 17:31:00.000,131656,1.00
42918,859407,NEGOCIAÃ├O MAPEX',A,2025-01-18 11:36:00.000,166082,4904.78
42919,76011,NEGOCIAÃ├O INTRODUÃıES TRIM CIMED,R,2025-01-19 14:17:00.000,166082,0.10
42920,525788,INTRODUÃ├O/REPOSIÃ├O COTY,R,2025-01-20 17:13:00.000,172114,1.00
42921,806326,INTRODUÃ├O STARLUX ENERGY,E,2025-01-20 17:16:00.000,154815,126241.40
42922,57806,INTRODUÃ├O/REPOSIÃAO CARMED TRIM,A,2025-01-20 17:45:00.000,172114,6942.03
42923,190767,REPOSICAO COTY,A,2025-01-20 17:58:00.000,151662,4894.20
42924,50610,INTRODU~Ã├O E REPOSIÃ├O MAPEX,R,2025-01-21 07:49:00.000,158188,23000.00
42925,140744,INTRODUÃ├O E REPOSIÃ├O MAPEX,A,2025-01-21 08:17:00.000,158188,22772.96
42926,826485,REPOSIÃ├O MAPEX,A,2025-01-21 11:13:00.000,172650,24461.20
42927,194336,INAUGURAÃ├O LOJA - 194336,A,2025-01-21 11:24:00.000,172650,7617.13
42928,904555,ANDRESSA PROPOSTA COTY,R,2025-01-21 13:58:00.000,172650,1.00
42929,10756,CONVENÃ├O DROGALIDER,R,2025-01-21 16:43:00.000,172650,1.00
42930,905502,AVALIAÃ├O TOALHINHAS TABELA,R,2025-01-21 16:54:00.000,172650,1.00
42931,10756,ANDRESSA PROPOSTA CROCKS,A,2025-01-21 17:27:00.000,172650,1944.28
42932,866048,INTRODUÃ├O STARSCHOOL // STAROFFICE,A,2025-01-21 17:46:00.000,172114,4452.64
42933,756334,INTRODUÃ├O BBOAT,R,2025-01-22 17:52:00.000,175646,1.00
42934,134559,CARLOS VAZ PROPOSTA COTY,R,2025-01-22 18:14:00.000,166082,0.10
42935,594713,INTRODUÃ├O CROCKS /STARLUX UD,R,2025-01-22 19:15:00.000,158188,20000.00
42936,620458,ANDRESSA PROPOSTA CROCKS,R,2025-01-23 09:27:00.000,172650,1.00
42937,679543, 	CARLOS VAZ PROPOSTA COTY,R,2025-01-23 09:37:00.000,166082,0.10
42938,166116,INTRODUÃ├O ISACARE DENTIL E COTY,A,2025-01-23 09:53:00.000,166082,1233.46
42939,997986,CARLOS VAZ PROPOSTA COTY E TRIM,E,2025-01-23 10:12:00.000,166082,0.10
42940,891209,CARLOS VAZ PROPOSTA COTY,R,2025-01-23 10:14:00.000,166082,0.10
42941,129479,"CARLOS VAZ PROPOSTA COTY - R$20.220,40",A,2025-01-23 10:15:00.000,166082,20220.40
42942,887295,PROPOSTA INTRODUÃ├O STARLUX ENERGY,R,2025-01-23 11:26:00.000,172650,1.00
42943,530117,INTRODUÃ├O ENERGY - TROCA DE BRINDE,A,2025-01-23 16:55:00.000,172650,24238.45
42944,82414,INTRODUÃ├O E REPOSIÃ├O MAPEX,A,2025-01-23 17:33:00.000,158188,8905.11
42945,885023,ANDRESSA PROPOSTA COTY,R,2025-01-24 08:32:00.000,172650,1.00
42946,714719,NIVEA,A,2025-01-24 10:41:00.000,172114,89239.04
42947,183823,PROPOSTA COTYáEXCLUSIVOSá-,R,2025-01-24 14:26:00.000,151662,50000.00
42948,515235,INTRODUÃ├O CARMED,A,2025-01-24 14:56:00.000,172114,9859.20
42949,530117,STARLUX ENERGY - RESTANTE INTRODUÃ├O,A,2025-01-24 15:36:00.000,172650,21500.05
42950,77771,REPOSIÃ├O STARSCHOOL VOLTA  AS AULAS,A,2025-01-25 10:13:00.000,166082,7025.55
42951,96000,REPOSIÃ├O STARSCHOOL VOLTA  AS AULAS,A,2025-01-25 10:14:00.000,166082,19239.01
42952,829565,JBP 2025 - REDE LUCAS,A,2025-01-27 10:37:00.000,172650,1.00
42953,658086,INTRODUÃ├O MAPEX,R,2025-01-27 15:06:00.000,131656,1.00
42954,811965,INTRODUÃ├O CARMED,R,2025-01-27 15:53:00.000,131656,1.00
42955,845098,GISLENE PROPOSTA TRIM - R$,R,2025-01-27 17:17:00.000,131656,1.00
42956,914241,NOME PROPOSTA TRIM - R$,A,2025-01-27 17:22:00.000,131656,10597.34
42957,772876,NEGOCIAÃ├O MAPEX,R,2025-01-27 17:35:00.000,166082,0.10
42958,714719,"ROBERTA PROPOSTA COTY EXCLUSIVOS - R$ : 8.518,80",A,2025-01-27 17:49:00.000,172114,8518.89
42959,904555,SUBSTITUIÃ├O BOB ESPONJA - SONIC,R,2025-01-27 20:21:00.000,172650,1.00
42960,775091,INTRODUÃ├O E REPOSIÃ├O MAPEX,R,2025-01-27 22:30:00.000,158188,17000.00
42961,625679,"GISLENE PROPOSTA TRIM - R$ 8.000,00",R,2025-01-28 10:05:00.000,131656,1.00
42962,866048,INTRODUÃ├O STARLUX ENERGY,R,2025-01-28 10:57:00.000,172114,10000.00
42963,338615,"GISLENE PROPOSTA TRIM R$ 8000,00",R,2025-01-28 15:04:00.000,131656,1.00
42964,507318,REPOSICAO MAPEX / CADASTRO 1 NOVO SKU,A,2025-01-28 16:35:00.000,151662,32142.00
42965,899159,INTRODUÃ├O CROCKS / CARMED,R,2025-01-28 17:34:00.000,158188,5000.00
42966,135222,INTRODUÃ├O E REPOSIÃ├O MAPEX,R,2025-01-28 17:37:00.000,158188,5000.00
42967,509421,INTRODUÃ├O E REPOSIÃ├O MAPEX,R,2025-01-28 17:39:00.000,158188,1.00
42968,376795,INTRODUÃ├O CARMED,R,2025-01-29 08:28:00.000,166082,0.10
42969,850861,"CARLOS VAZ PROPOSTA TRIM - R$8.000,00",R,2025-01-29 09:16:00.000,166082,0.10
42970,78772,"CARLOS VAZ PROPOSTA TRIM - R$8.000,00",R,2025-01-29 10:10:00.000,166082,0.10
42971,581097,REPOSIÃ├O MAPEX - TV,A,2025-01-29 10:18:00.000,172650,15319.64
42972,758112,"CARLOS VAZ PROPOSTA TRIM - R$8.000,00",A,2025-01-29 14:12:00.000,166082,17864.73
42973,762879,REPOSIÃ├O STARSCHOOL VOLTA  AS AULAS 25,R,2025-01-29 14:24:00.000,166082,0.10
42974,870026,"CARLOS VAZ PROPOSTA TRIM - R$18.146,96",A,2025-01-29 15:16:00.000,166082,80583.47
42975,876303,REPOSIÃ├O MAPEX,A,2025-01-29 22:21:00.000,151662,13768.00
42976,750844,REPOSIÃ├O COTY,R,2025-01-30 11:17:00.000,172114,1.00
42977,778784,"CARLOS VAZ PROPOSTA TRIM - R$8.422,14",A,2025-01-30 15:05:00.000,166082,8422.14
42978,709930,NEGOCIAÃ├O MAPEX,R,2025-01-30 17:02:00.000,166082,0.10
42979,137185,INTRODUÃ├O MAPEX,A,2025-01-30 17:31:00.000,158188,6108.57
42980,837944,"CARLOS VAZ PROPOSTA COTY - R$8.482,50",A,2025-01-31 13:26:00.000,166082,9773.70
42981,444460,NEGOCIAÃ├O MAPEX,A,2025-01-31 13:50:00.000,166082,8881.00
42982,141608,CARLOS VAZ PROPOSTA COTY - R$8982,A,2025-01-31 13:57:00.000,166082,20578.08
42983,665787,"CARLOS VAZ PROPOSTA TRIM E COTY - R$18.000,00",R,2025-01-31 14:14:00.000,166082,0.10
42984,78772,"CARLOS VAZ PROPOSTA COTY R$9.203,52",A,2025-01-31 14:28:00.000,166082,9203.52
42985,887295,LOJA INAUGURAÃ├O KARAIBA,A,2025-01-31 14:52:00.000,172650,11263.20
42986,620458,LVPG CARMED TABLET - UNIFICAR,A,2025-01-31 15:28:00.000,172650,2399.16
42987,730535,AÃ├O DE SELLOUT CARNAVAL,A,2025-01-31 17:17:00.000,166082,17131.68
42988,527677,"CARLOS VAZ PROPOSTA TRIM - R$8.815,26",A,2025-01-31 17:18:00.000,166082,8815.26
42989,23047,"GISLENE PROPOSTA COTY EXCLUSIVOS - R$ 8000,00",R,2025-02-01 08:28:00.000,131656,1.00
42990,887295,REATIVAÃ├O SLIMES - 887295,E,2025-02-03 10:25:00.000,172650,1.00
42991,887295,INTRODUÃ├O CIMED E TRIM,R,2025-02-03 10:45:00.000,172650,1.00
42992,887295,INTRODUÃ├O CROCKS,R,2025-02-03 10:51:00.000,172650,1.00
42993,183823,PROPOSTA  TRABALHO DE CAMPO,A,2025-02-03 14:10:00.000,151662,8865.00
42994,598854,PROPOSTA TRABALHO DE CAMPO,A,2025-02-03 14:23:00.000,151662,31620.00
42995,826485,PROPOSTA STARLUX ENERGY - INT/REP,R,2025-02-03 15:21:00.000,172650,50000.00
42996,135222,INTRODUÃ├O E REPOSIÃ├O MAPEX,A,2025-02-03 16:17:00.000,158188,5000.00
42997,977817,NEGOCIAÃ├O MAPEX,A,2025-02-03 23:06:00.000,166082,7925.36
42998,756334,INTRODUÃ├O BBOAT,A,2025-02-04 09:16:00.000,175646,31259.52
42999,39804,NEGOCIAÃ├O REPOSIÃ├O MAPEX,R,2025-02-04 09:24:00.000,131656,1.00
43000,135222,"KARINA PROPOSTA CROCKS- R$8.000,00",R,2025-02-04 10:28:00.000,158188,8000.00
43001,776623,INTRODUÃ├O E REPOSIÃ├O MAPEX,A,2025-02-04 16:40:00.000,158188,13219.69
43002,882875,"GISLENE PROPOSTA CROCKS - R$ 8000,00",A,2025-02-04 17:17:00.000,131656,8179.05
43003,147008,INTRODUÃ├O E REPOSIÃ├O MAPEX,R,2025-02-05 08:48:00.000,158188,1200.00
43004,987224,INTRODUÃ├O STARLUX ENERGY,A,2025-02-05 14:12:00.000,158188,25337.76
43005,533872,INTRODUÃ├O E REPOSIÃ├O MAPEX,A,2025-02-05 14:33:00.000,158188,4329.40
43006,883923,PROPOSTA MOTO CONTRATO RETORNO,R,2025-02-05 16:11:00.000,151662,1.00
43007,790738,"CARLOS VAZ PROPOSTA COTY - R$8.000,00",A,2025-02-05 20:07:00.000,166082,12042.12
43008,795044,PROPOSTA INTRODUCAO CARMED CREME DENTAL + ENXAGUANTE,R,2025-02-06 15:05:00.000,151662,1.00
43009,826485,PROPOSTA FINI ORAL CIMED,R,2025-02-06 16:32:00.000,172650,1.00
43010,931279,"KARINA PROMOÃ├O CROCKS EXCLUSIVOS - 8.828,16",A,2025-02-06 16:48:00.000,158188,8828.16
43011,806326,INAUGURAÃ├O LOJA,A,2025-02-07 08:20:00.000,172650,9665.13
43012,983223,REPOSICAO / INTRODUCAO,A,2025-02-07 11:19:00.000,151662,21770.00
43013,166510,NEGOCIAÃ├O MAPEX,A,2025-02-07 14:45:00.000,166082,32070.88
43014,931279,INTRODUÃ├O STARLUX ENERGY,R,2025-02-07 15:07:00.000,158188,30000.00
43015,536098,JBP 2025,R,2025-02-09 20:49:00.000,172650,1.00
43016,622320,AÃıES CROCKS BATATA TUBO,R,2025-02-09 21:14:00.000,172650,1.00
43017,887295,PROPOSTAS TOALHINHAS FEV,R,2025-02-09 22:08:00.000,172650,1.00
43018,905502,KIT DIVULGAÃ├O BLOGUEIRAS,R,2025-02-09 22:32:00.000,172650,1.00
43019,353785,"GISLENE PROPOSTA COTY - R$ 8000,00",R,2025-02-10 08:55:00.000,131656,1.00
43020,851674,INTRODUÃ├O ISACARE,R,2025-02-10 10:50:00.000,166082,0.10
43021,714719,REPOSIÃ├O DUCHAS,R,2025-02-10 14:22:00.000,172114,1.00
43022,39450,INTRODUÃ├O CARMED,R,2025-02-10 15:58:00.000,172114,1.00
43023,979194,NEGOCIAÃ├O CARMED,R,2025-02-11 09:17:00.000,131656,18450.00
43024,848238,INTRODUÃ├O CARMED,A,2025-02-11 09:23:00.000,131656,5388.12
43025,799893,INTRODUCAO CIMED,R,2025-02-11 09:25:00.000,131656,1.00
43026,23047,INTRODUÃ├O CIMED,R,2025-02-11 09:33:00.000,131656,1.00
43027,353785,INTRODUÃ├O CIMED,R,2025-02-11 09:33:00.000,131656,1.00
43028,987039,INTRODUCAO PILHAS STARLUX,A,2025-02-11 13:39:00.000,151662,3213.98
43029,714719,REPOSIÃ├O NIVEA,A,2025-02-11 15:56:00.000,172114,47246.60
43030,714719,"ROBERTA PROPOSTA COTY EXCLUSIVOS R$ 18.282,00",A,2025-02-11 15:58:00.000,172114,18282.00
43031,930090,PROPOSTA INTRODUCAO / MOTO,A,2025-02-11 16:12:00.000,151662,10850.89
43032,547575,REPOSIÃ├O MAPEX,A,2025-02-11 16:20:00.000,151662,7015.00
43033,640865,INTRODUÃ├O CIMED - GERENCIAMENTO,A,2025-02-11 16:38:00.000,172650,6861.16
43034,563274,INTRODUÃ├O CARMED,R,2025-02-11 16:45:00.000,131656,1.00
43035,648764,INTRODUÃ├O NO INSET,R,2025-02-11 17:03:00.000,166082,0.10
43036,202564,INAUGURAÃ├O LOJA - 202564,A,2025-02-11 18:16:00.000,172650,7543.76
43037,10756,BRINDES CONVENÃ├O,R,2025-02-12 08:08:00.000,172650,1.00
43038,154859,INTRODUÃ├O E REPOSIÃ├O MAPEX,A,2025-02-12 08:32:00.000,158188,17413.93
43039,571540,NEGOCIAÃ├O MAPEX,A,2025-02-12 10:24:00.000,166082,5976.17
43040,828117,PROPOSTA MAPEX,A,2025-02-12 10:27:00.000,131656,3948.06
43041,847636,"GISLENE PROPOSTA TRIM - R$ 8000,00",R,2025-02-12 10:41:00.000,131656,1.00
43042,703132,AÃ├O SELLOUT BBOAT,R,2025-02-12 10:48:00.000,175646,1.00
43043,749020,INTRODUÃ├O CARMED,R,2025-02-12 10:51:00.000,175646,1.00
43044,973128,AÃ├O SELLOUT STARSCHOOL,R,2025-02-12 13:13:00.000,166082,0.20
43045,906906,PROPOSTA INTRODUCAO / REPOSICAO MAPEX,A,2025-02-12 13:37:00.000,151662,9633.53
43046,991550,REPOSIÃ├O STARSCHOOL TEMPORADA ESCOLAR,A,2025-02-12 13:51:00.000,166082,13447.24
43047,21214,INTRODUÃ├O STARLUX ENERGY,R,2025-02-12 14:56:00.000,172650,1.00
43048,51304,PROPOSTA SABONETE ISACARE,R,2025-02-12 16:42:00.000,172650,1.00
43049,193627,NEGOCIAÃ├O STARSCHOOL,A,2025-02-12 17:14:00.000,131656,3841.59
43050,521891,NEGOCIAÃ├O MAPEX,A,2025-02-12 17:32:00.000,131656,1036.80
43051,444460,NEGOCIAÃ├O MAPEX,A,2025-02-13 08:49:00.000,166082,4049.10
43052,587155,REPOSICAO MAPEX,E,2025-02-13 15:38:00.000,151662,1.00
43053,821158,PROPOSTA STARLUX ENERGY,A,2025-02-13 15:48:00.000,161240,6129.32
43054,11371,BONIFICAÃ├O SALDO DE RECURSO,R,2025-02-13 16:13:00.000,172650,1.00
43055,526508,INTRODUÃ├O CARMED,R,2025-02-14 10:04:00.000,172114,1.00
43056,140744,INTRODUÃ├O E REPOSIÃ├O MAPEX,A,2025-02-14 10:16:00.000,158188,10626.57
43057,794827,NEGOCIAÃ├O STARLUX ENERGY REPOSIÃ├O,A,2025-02-14 13:45:00.000,172650,21295.49
43058,523519,INTRODUÃ├O STARLUX ENERGY,R,2025-02-14 15:25:00.000,172114,1.00
43059,880539,KARINA PROMOCAO COTY EXCLUSIVOS,A,2025-02-14 17:08:00.000,158188,21061.20
43060,692858,"EDUARDO SOUSA - PROPOSTA TRIM - R$24.241,44",A,2025-02-15 07:30:00.000,175646,24963.75
43061,115452,"EDUARDO SOUSA - PROPOSTA CROCKS - R$11.357,36",A,2025-02-15 07:43:00.000,175646,11357.36
43062,516498,NEGOCIAÃ├O MAPEX,A,2025-02-15 07:52:00.000,166082,2292.92
43063,11371,INVESTIMENTO VALDA,R,2025-02-17 00:55:00.000,172650,1.00
43064,188576,REPOSICAO MAPEX,E,2025-02-17 09:14:00.000,151662,5000.00
43065,799117,PROPOSTA STARLUX ENERGY,A,2025-02-17 11:37:00.000,172650,15020.38
43066,539626,INTRODUÃ├O PILHAS STARLUX ENERGY,R,2025-02-17 14:59:00.000,131656,1.00
43067,870026,NEGOCIAÃ├O MAPEX,A,2025-02-17 15:05:00.000,166082,68692.65
43068,821797,INTRODUÃ├O PILHAS STARLUX ENERGY  // MAPEX,R,2025-02-17 19:35:00.000,172114,1.00
43069,855668,INTRODUÃ├O STARLUX ENERGY,R,2025-02-18 10:40:00.000,158188,5000.00
43070,510800,INTRODUÃ├O CARMED,R,2025-02-18 13:49:00.000,158188,6000.00
43071,892282,PLANINLHA PRIMEIRO PRECO STARLUX PILHAS,R,2025-02-18 15:26:00.000,151662,10000.00
43072,837944,NEGOCIAÃ├O MAPEX,A,2025-02-18 16:52:00.000,166082,10177.20
43073,201119,INAUGURAÃ├O LOJA 107,A,2025-02-18 17:08:00.000,172650,15418.53
43074,201119,PROPOSTA MARÃO - CONSUMIDOR,R,2025-02-18 17:26:00.000,172650,200000.00
43075,11371,INTRODUÃ├O STARLUX ENERGY,A,2025-02-19 09:53:00.000,172650,7906.11
43076,891209,NEGOCIAÃ├O MAPEX,R,2025-02-19 11:40:00.000,166082,0.10
43077,825260,INTRODUÃ├O DENTIL,A,2025-02-19 13:50:00.000,166082,14624.66
43078,998781,NEGOCIAÃ├O MAPEX,R,2025-02-19 13:57:00.000,166082,0.10
43079,649526,PROOSTA MOTO DEPOSITO EM CONTA PONTUAL,A,2025-02-19 17:10:00.000,151662,14000.00
43080,509884,INTRODUÃ├O STARLUX ENERGY,R,2025-02-20 11:16:00.000,172650,28000.00
43081,560138,INTRODUÃıES MAPEX,R,2025-02-20 12:45:00.000,166082,0.10
43082,857855,PROPOSTA MAPEX FEV,A,2025-02-20 15:19:00.000,172650,13807.77
43083,858590,INTRODUÃ├O E REPOSIÃ├O MAPEX,A,2025-02-20 22:40:00.000,175646,6071.90
43084,686736,INTRODUÃ├O STARLUX TOALHA,A,2025-02-21 12:34:00.000,172650,1659.00
43085,848238,NEGOCIAÃ├O REPOSIÃ├O MAPEX,R,2025-02-21 15:49:00.000,131656,1.00
43086,791153,NEGOCIAÃ├O MAPEX,A,2025-02-21 16:39:00.000,131656,2876.00
43087,576610,INTRODUÃ├O PILHAS/TOALHA DEMAQUILANTE ISACARE,R,2025-02-22 10:13:00.000,172114,1.00
43088,883242,NEGOCIAÃ├O MAPEX,A,2025-02-22 11:33:00.000,131656,19099.00
43089,88453,PROPOSTAS@ARCO,R,2025-02-22 11:36:00.000,161240,1.00
43090,643228,INTRODUÃ├O MAPEX/REPOSIÃ├O,A,2025-02-22 11:55:00.000,172114,1417.93
43091,995198,INTRODUÃ├O/REPOSIÃ├O MAPEX,A,2025-02-22 11:57:00.000,172114,1704.94
43092,109517,INTRODUÃ├O/REPOSIÃ├O MAPEX,R,2025-02-24 09:42:00.000,172114,1.00
43093,750844,INTRODUÃ├O CARMED,A,2025-02-24 09:52:00.000,172114,2256.63
43094,996834,INTRODUÃ├O E REPOSIÃ├O MAPEX,A,2025-02-24 11:16:00.000,158188,5934.24
43095,751176,INTRODUÃ├O E REPOSIÃ├O MAPEX,R,2025-02-25 08:18:00.000,158188,1.00
43096,74729,INTRODUÃ├O E REPOSIÃ├O MAPEX,R,2025-02-25 08:36:00.000,158188,1.00
43097,608147,INTRODUÃ├O XO INSETO,A,2025-02-25 10:26:00.000,166082,7361.28
43098,40050,VERBA MENSAL - QUEIROZ E CASTRO - 40050,R,2025-02-25 11:53:00.000,172650,1.00
43099,781071,NEGOCIAÃ├O ENERGIZER,A,2025-02-25 14:54:00.000,166082,44214.24
43100,557250,INTRODUÃ├O CARMED,R,2025-02-25 15:23:00.000,166082,0.10
43101,598854,PEDIDO REPOSICAO BANANA BOAT,A,2025-02-25 16:14:00.000,151662,21817.00
43102,145655,INTRODUÃ├O MARCAS ARCOM PËS EVENTO,A,2025-02-26 11:06:00.000,166082,9187.32
43103,23047,NEGOCIAÃ├O MAPEX,R,2025-02-26 14:50:00.000,131656,1.00
43104,148658,PROPOSTA FEVEREIRO,A,2025-02-27 11:10:00.000,172650,29275.31
43105,863113,PROMOCAO FAIXA REDE - 20%,A,2025-02-27 14:47:00.000,172650,5048.28
43106,444460,NEGOCIAÃ├O BONIFICAÃ├O DENTIL,R,2025-02-27 17:27:00.000,166082,10201.24
43107,792305,PROPOSTA PILHAS,R,2025-02-28 10:18:00.000,172650,1.00
43108,131762,INTRODUÃ├O ISACARE E DENTIL CREME KIDS,R,2025-02-28 10:40:00.000,166082,0.10
43109,177169,CONTRATO ATENDIMENTO,R,2025-02-28 11:00:00.000,172650,1.00
43110,842346,INTRODUÃ├O TRIM,A,2025-02-28 14:57:00.000,131656,16339.23
43111,526508,REPOSIÃ├O MAPEX,A,2025-02-28 20:14:00.000,172114,11020.47
43112,93207,PROPOSTA INTRODUCAO PILHAS STARLUX,R,2025-03-01 10:23:00.000,151662,1.00
43113,781071,INTRODUÃ├O CIMED,R,2025-03-01 11:26:00.000,166082,0.10
43114,158193,REPOSIÃ├O NEGOCIAÃ├O MARCAS ARCOM,R,2025-03-05 14:34:00.000,166082,0.10
43115,752726,REPOSIÃ├O NEGOCIAÃ├O MARCAS ARCOM,A,2025-03-05 14:36:00.000,166082,427.50
43116,83556,PROPOSTA INTRODUÃ├O PILHAS STARLUX ENERGY,R,2025-03-05 14:45:00.000,151662,1.00
43117,839042,NEGOCIAÃ├O MAPEX,R,2025-03-05 15:56:00.000,131656,1.00
43118,509884,INTRODUÃ├O STARLUX ENERGY,R,2025-03-05 17:03:00.000,172650,1.00
43119,643228,"ROBERTA - STARLUX ENERGY R$: 9.050,90",A,2025-03-05 17:12:00.000,172114,20023.80
43120,806326,DUCHAS TABELA FIXA,A,2025-03-05 19:50:00.000,172650,1.00
43121,622320,AÃOES MARÃO SUPERMAXI,R,2025-03-05 20:11:00.000,172650,1.00
43122,742606,INTRODUÃ├O STARLUX ENERGY,R,2025-03-05 20:58:00.000,172650,1.00
43123,622320,"ANDRESSA - INTRODUÃ├O STARLUX ENERGY - R$24.367,46",A,2025-03-06 09:24:00.000,172650,40957.41
43124,22409,NEGOCIAÃ├O MAPEX,R,2025-03-06 10:09:00.000,131656,1.00
43125,88453,REPOSIÃ├O MARÃO - TV,A,2025-03-06 10:34:00.000,172650,15029.60
43126,829565,ANDRESSA PROPOSTA STARLUX ENERGY - R$,R,2025-03-06 10:55:00.000,172650,1.00
43127,751176,KARINA  INTRODUÃ├O CIMED /  STARCHOOL / TRIM  /  CARMED,R,2025-03-06 13:58:00.000,158188,58600.00
43128,187958,NEGOCIAÃ├O MAPEX,A,2025-03-06 16:37:00.000,131656,7230.73
43129,74729,KARINA INTRODUÃ├O STARSCHOOL,R,2025-03-06 17:18:00.000,158188,18000.00
43130,993920,GISLENE- PROPOSTA TRIM - R$,R,2025-03-07 10:50:00.000,131656,1.00
43131,799893,GISLENE- PROPOSTA CARMED - R$,R,2025-03-07 14:46:00.000,131656,1.00
43132,848238,GISLENE- PROPOSTA CARMED - R$,A,2025-03-07 14:48:00.000,131656,6810.24
43133,979194,GISLENE- PROPOSTA CARMED - R$,R,2025-03-07 15:06:00.000,131656,1.00
43134,873329,"CARLOS VAZ - PROPOSTA CIMED R$ 25.344,00",A,2025-03-07 15:45:00.000,166082,25344.00
43135,353785,GISLENE- PROPOSTA CARMED - R$,R,2025-03-07 16:34:00.000,131656,1.00
43136,898091,GISLENE- PROPOSTA CARMED - R$,R,2025-03-07 17:03:00.000,131656,1.00
43137,898176,GISLENE- PROPOSTA CARMED - R$,R,2025-03-07 17:05:00.000,131656,1.00
43138,835237,GISLENE- PROPOSTA CARMED - R$,A,2025-03-07 17:20:00.000,131656,36441.60
43139,10756,ANALISE CUSTO DROGALIDER MIX 2025,R,2025-03-10 09:26:00.000,172650,1.00
43140,887295,REAVALIAÃ├O 1299 - BAHAMAS,A,2025-03-10 11:02:00.000,172650,1.00
43141,96588,INTRODUÃ├O E REPOSIÃ├O MAPEX,A,2025-03-10 15:09:00.000,158188,13608.00
43142,752461,REPOSIÃ├O MARCAS ARCOM,A,2025-03-10 17:33:00.000,158188,1323.00
43143,824271,SELL OUT,R,2025-03-10 17:42:00.000,131656,1.00
43144,870026,NEGOCIAÃ├O MARCAS ARCOM,A,2025-03-11 08:45:00.000,172114,48337.42
43145,525537,REPOSIÃ├OáSTARSCHOOL,R,2025-03-11 08:45:00.000,172114,2682.96
43146,819018,GISLENE PROPOSTA CARMED,R,2025-03-11 15:44:00.000,131656,1.00
43147,153331,PROPOSTA TRABALHO DE CAMPO,A,2025-03-11 16:19:00.000,151662,8848.32
43148,507318,PROPOSTA  TRABALHO DE CAMPO,A,2025-03-11 16:46:00.000,151662,34762.80
43149,847636,GISLENE- PROPOSTA STARLUX ENERGY - R$,R,2025-03-11 18:50:00.000,131656,1.00
43150,847636,GISLENE- PROPOSTA CARMED - R$,R,2025-03-11 18:51:00.000,131656,1.00
43151,900108,ANDRESSA - PROPOSTA STARLUX ENERGY - R$,R,2025-03-12 15:12:00.000,172650,40000.00
43152,641576,PROPOSTA CASA DE MARCAS MARÃO,A,2025-03-12 17:19:00.000,172650,25086.11
43153,539626,GISLENE PROPOSTA STARLUX ENERGY R$,R,2025-03-12 18:16:00.000,131656,1.00
43154,981203,INTRODUÃ├O MAPEX,R,2025-03-13 09:37:00.000,158188,1.00
43155,105360,INTRODUÃ├O MAPEX,R,2025-03-13 11:08:00.000,158188,15000.00
43156,214017,GISLENE- PROPOSTA CARMED - R$,A,2025-03-13 20:17:00.000,131656,37035.00
43157,521891,GISLENE- PROPOSTA CARMED - R$,A,2025-03-13 20:18:00.000,131656,12269.40
43158,851473, GISLENE- PROPOSTA STARLUX ENERGY - R$,A,2025-03-13 20:22:00.000,131656,20370.26
43159,884852,"ANDRESSA - PROMO STARLUX ENERGY - R$ 6.091,62",A,2025-03-14 12:45:00.000,172650,6091.60
43160,799675,CONTRATO ATENDIMENTO 2%,R,2025-03-14 13:11:00.000,172650,1.00
43161,894359,PROPOSTA MAPEX,A,2025-03-14 13:59:00.000,172650,13201.79
43162,905502,"ANDRESSA - PROMO TRIM R$ 23.783,76",A,2025-03-14 14:45:00.000,172650,331738.75
43163,978352,NEGOCIAÃ├O - 20% FAIXA CLIENTE,A,2025-03-14 15:29:00.000,172650,12520.74
43164,910221,GISLENE- PROPOSTA CARMED - R$,R,2025-03-14 16:27:00.000,131656,1.00
43165,714719,PROPOSTA NIVEA,R,2025-03-14 17:19:00.000,172114,33789.60
43166,525788,INTRODUÃ├O STARLUX ENERGY,R,2025-03-14 17:20:00.000,172114,1.00
43167,60212,REPOSIÃ├O MAPEX,R,2025-03-14 17:21:00.000,172114,1.00
43168,714719,REPOSIÃ├O COTY,R,2025-03-14 17:22:00.000,172114,17978.40
43169,906906,PROPOSTA MOTO,A,2025-03-14 17:52:00.000,151662,18945.92
43170,140744,PROPOSTA MAPEX,R,2025-03-14 19:46:00.000,172650,1.00
43171,190767,REPOSICAO COTY,R,2025-03-15 09:25:00.000,151662,1.00
43172,624845,INTRODUÃ├O E REPOSIÃ├O MAPEX,A,2025-03-15 10:25:00.000,158188,1.00
43173,209771,NEGOCIAÃ├O MONITORADOS,A,2025-03-15 11:23:00.000,154815,20268.33
43174,624845,INTRODUÃ├O E REPOSIÃ├O MAPEX,R,2025-03-15 11:32:00.000,158188,1.00
43175,522144,"ROBERTA - PROPOSTA CARMED - R$: 9.881,68",A,2025-03-17 11:15:00.000,172114,12041.74
43176,718969,"ANDRESSA - PROMO STARSCHOOL R$ 24.634,40",A,2025-03-17 12:52:00.000,172650,24634.40
43177,379211,INTRODUÃ├O MARCAS ARCOM,A,2025-03-17 14:19:00.000,166082,598.80
43178,515235,"ROBERTA - PROPOSTA STARLUX ENERGY - R$: 8.000,00",R,2025-03-17 14:37:00.000,172114,1.00
43179,423088,INTRODUÃ├O MARCAS ARCOM DENTIL E CIMED,R,2025-03-17 16:49:00.000,166082,0.10
43180,560053,INTRODUÃ├O MARCAS ARCOM,A,2025-03-17 17:22:00.000,166082,2685.45
43181,204844,REPOSIÃ├O MARCAS ARCOM,A,2025-03-17 17:23:00.000,166082,850.71
43182,560325,INTRODUÃ├O STARLUX UD MARCAS ARCOM,R,2025-03-18 09:17:00.000,166082,0.10
43183,873453,INTRODUÃ├O CADERNOS CARMED,R,2025-03-18 21:40:00.000,172650,1.00
43184,890726,"INTROÃ├O STARLUX, STARSCHOOL, CROCKS E NUTRATA",R,2025-03-19 08:34:00.000,172650,1.00
43185,826485,NEGOCIAÃ├O MAPEX,A,2025-03-19 11:25:00.000,131656,46941.88
43186,870350,PROPOSTA COTY,A,2025-03-19 17:43:00.000,166082,2099.16
43187,643228,REPOSIÃ├O EVEREADY/ENERGIZER INTRODUÃ├O STARLUX ENERGY,R,2025-03-20 09:10:00.000,172114,1.00
43188,542501,GISLENE- PROPOSTA CARMED - R$,R,2025-03-20 10:56:00.000,131656,1.00
43189,175017,INTRODUÃ├O STARLUX ENERGY,A,2025-03-20 16:15:00.000,172114,1280.24
43190,732729,INTRODUÃ├O DENTIL,R,2025-03-20 16:22:00.000,166082,0.10
43191,516498,NEGOCIAÃ├O MARCAS ARCOM,A,2025-03-20 16:51:00.000,166082,8522.91
43192,698591,PROMOTOR REDE GIGA,R,2025-03-20 17:05:00.000,166082,0.10
43193,917928,INTRODUÃıES TRIM CIMED E REPOSIÃ├O COTY,A,2025-03-20 17:22:00.000,166082,3712.78
43194,581785,EDUARDO - PROPOSTA STARSCHOOL - R$XXXX/ PROPOSTA TRIM - R$XXXX/ PROPOSTA STARLUX ENERGY - R$XXXX,R,2025-03-21 09:13:00.000,175646,1.00
43195,749020,EDUARDO SOUSA - PROPOSTA CARMED - R$,R,2025-03-21 09:24:00.000,175646,1.00
43196,192718,PROPOSTA PILHAS,R,2025-03-22 09:13:00.000,131359,0.01
43197,781595,GISLENE- PROPOSTA CARMED - R$,R,2025-03-22 09:41:00.000,131656,1.00
43198,585191,GISLENE- PROPOSTA CARMED,R,2025-03-22 10:35:00.000,131656,1.00
43199,792097,INTRODUÃ├O STARLUX ENERGY,R,2025-03-22 11:02:00.000,158188,100000.00
43200,612558,"CARLOS VAZ - PROPOSTA CARMED - R$48.363,84",A,2025-03-24 09:45:00.000,166082,387753.78
43201,509421,INTRODUÃ├O MAPEX,E,2025-03-24 11:23:00.000,158188,1.00
43202,870026,NEGOCIAÃ├O PILHAS STARLUX ENERGY,A,2025-03-24 15:54:00.000,166082,2978.84
43203,556222,PROPOSTAS@ARCOM,A,2025-03-24 15:55:00.000,172650,17508.57
43204,563274,NEGOCIAÃ├O CROCKS,A,2025-03-24 16:44:00.000,131656,561.08
43205,644031,INTRODUÃ├O E REPOSÃ├O MAPEX,E,2025-03-24 16:52:00.000,158188,1.00
43206,905502,PROPOSTA CROCKS - 905502,E,2025-03-25 08:53:00.000,172650,23746.53
43207,905502,PROPOSTA BANANA BOAT - SELL OUT,E,2025-03-25 09:11:00.000,172650,1.00
43208,904555,PROPOSTA GAROTO - COMMODITIES,E,2025-03-25 09:30:00.000,172650,1.00
43209,779824,REPOSICAO / INTRODUCAO,E,2025-03-25 09:55:00.000,151662,1.00
43210,158025,"CARLOS VAZ - PROPOSTA CIMED - R$32.999,04",A,2025-03-25 11:34:00.000,166082,32999.04
43211,145655,NEGOCIAÃ├O GARANTIA DE PREÃO,A,2025-03-25 13:43:00.000,166082,0.10
43212,96588,REPOSICAO / INTRODUCAO,E,2025-03-25 15:07:00.000,151662,10562.00
43213,714719,PROPOSTA REPOSIÃ├O DUCHAS,A,2025-03-25 15:57:00.000,172114,97048.36
43214,715792,CONTRATO SUPERMAXI - LOJA TOCANTINS,A,2025-03-25 16:45:00.000,172650,0.01
43215,644031,REPOSICAO MAPEX,A,2025-03-25 17:27:00.000,151662,13797.68
43216,148658,PROPOSTA LEAL - LOJA INAUGURAÃ├O,E,2025-03-26 13:38:00.000,172650,1.00
43217,912200,NEGOCIAÃ├O MARCAS ARCOM,A,2025-03-26 14:13:00.000,166082,18930.29
43218,692858,PEDIDO REPOSIÃ├O BBOAT,A,2025-03-26 14:16:00.000,175646,52851.36
43219,444460,NEGOCIAÃ├O MARCAS ARCOM,E,2025-03-26 14:29:00.000,166082,0.10
43220,212661,PROPOSTA MAPEX INTRODUCAO CARMED,A,2025-03-26 15:17:00.000,151662,3800.00
43221,586762,REPOSICAO / INTRODUCAO,E,2025-03-26 16:38:00.000,151662,2500.00
43222,146648,REPOSICAO COTY,A,2025-03-26 17:15:00.000,151662,19608.80
43223,752427,"CARLOS VAZ - PROPOSTA CIMED - R$5.000,00",E,2025-03-26 17:20:00.000,166082,0.10
43224,23022,INTRODUÃ├O MARCAS ARCOM,A,2025-03-26 17:42:00.000,158188,40084.99
43225,844544,"CARLOS VAZ - PROPOSTA CARMED - R$8.000,00",E,2025-03-27 12:29:00.000,166082,0.10
43226,898176,NEGOCIAÃ├O MAPEX,R,2025-03-27 17:13:00.000,131656,1.00
43227,870026,NEGOCIAÃ├O MARCAS ARCOM,A,2025-03-28 09:26:00.000,166082,18297.96
43228,131762,"CARLOS VAZ - PROPOSTA  STARLUX ENERGY E TRIM - R$16.000,00",E,2025-03-28 10:12:00.000,166082,0.10
43229,550853,"CARLOS VAZ - PROPOSTA CIMED E CARMED - R$13.000,00",E,2025-03-28 11:50:00.000,166082,0.10
43230,213347,INTRODUÃ├O STAROFFICE,A,2025-03-28 14:57:00.000,166082,353.81
43231,546462,REPOSIÃ├O MARCAS ARCOM,A,2025-03-28 17:48:00.000,166082,8061.72
43232,841765,PAGAMENTO DROGAMARYS,A,2025-03-29 11:18:00.000,158188,10000.00
43233,101220,NEGOCIAÃıES MARCAS ARCOM,A,2025-03-29 11:33:00.000,166082,8871.20
43234,987158,INTRODUÃ├O MARCAS ARCOM,E,2025-03-31 14:34:00.000,166082,30000.00
43235,211532,INAUGURAÃ├O LOJAS REDE - 211532,A,2025-03-31 15:59:00.000,172650,9368.88
43236,134559,NEGOCIAÃ├O REPOSIÃ├O COTY,A,2025-03-31 17:04:00.000,166082,9693.60
43237,992435,INTRODUÃ├O STARLUX ENERGY DENTIL E CIMED,E,2025-04-02 10:53:00.000,166082,0.10
43238,983223,REPOSICAO MAPEX,A,2025-04-02 11:16:00.000,151662,16541.70
43239,718969,INTRODUÃ├O ISAKIDS,E,2025-04-03 09:52:00.000,172650,20000.00
43240,792305,PROPOSTA SELL OUT ENERGIZER,E,2025-04-03 10:15:00.000,172650,50000.00
43241,10756,INTRODUÃ├O ENERGY / CROCKS / ISAKIDS,E,2025-04-03 13:25:00.000,172650,10000.00
43242,919162,SEGREGADOS S├O JOAO - MARÃO,E,2025-04-03 13:44:00.000,172650,1.00
43243,820021,INTRODUÃ├O MARCAS ARCOM,E,2025-04-04 09:27:00.000,158188,1.00
43244,831112,INTRODUÃ├O STARSCHOOL,E,2025-04-04 10:48:00.000,166082,0.10
43245,638049,REPOSICAO MAPEX,E,2025-04-04 17:18:00.000,151662,1.00
43246,931731,INTRODUÃ├O E REPOSIÃ├O MARCAS ARCOM,A,2025-04-05 09:36:00.000,158188,8472.29
43247,146748,NEGOCIAÃ├O MARCAS ARCOM,E,2025-04-07 17:00:00.000,166082,30301.20
43248,977817,INTRODUÃ├O STARLUX ENERGY CROCKS ISAKIDS TRIM,A,2025-04-07 17:56:00.000,166082,26560.04
43249,742606,NEGOCIAÃ├O MAPEX,E,2025-04-08 15:46:00.000,131656,1.00
43250,904555,INTRODUÃ├O SONIC - SUBS. BOB ESPONJA,A,2025-04-08 17:00:00.000,172650,6321.00
43251,216542,INAUGURAÃ├O LOJA - 216542,A,2025-04-08 17:01:00.000,172650,5729.80
43252,638049,REPOSICAO MAPEX,E,2025-04-08 17:26:00.000,151662,1.00
43253,547575,REPOSIÃ├O / INTRODUÃ├O ISACARE E TRIM,E,2025-04-09 11:11:00.000,175646,7200.00
43254,150171,PROPOSTAÃ├O AÃ├O DE SELLOUT,E,2025-04-09 14:46:00.000,166082,15000.00
43255,863584,INTRODUÃ├O CIMED ORAL CARE,A,2025-04-09 15:50:00.000,166082,15443.88
43256,896203,CAMPANHA HYPER SAUDE,A,2025-04-09 16:27:00.000,154815,1447.00
43257,162011,REPOSIÃ├O MAPEX E TRADICIONAIS,E,2025-04-10 08:36:00.000,175646,15717.53
43258,548996,PROPOSTA INTRODUÃ├O STARLUX ENERGY / CADERNO CARMED / DENTIL,E,2025-04-10 08:44:00.000,175646,60000.00
43259,937007,REPOSIÃ├O MAPEX DESCONTO 8% BOLETO,E,2025-04-10 10:52:00.000,175646,40000.00
43260,920180,NEGOCIAÃ├O MARCAS ARCOM,E,2025-04-10 11:47:00.000,166082,20000.00
43261,87556,NEGOCIAÃ├O FLAVIO RAMOS,E,2025-04-10 13:52:00.000,154815,1.00
43262,87556,INTRODUÃ├O STARLUX ENERGY,E,2025-04-10 14:25:00.000,165449,1.00
43263,846317,PEDIDO REPOSICAO TRIM GERENCIAL,A,2025-04-10 17:41:00.000,151662,4965.00
43264,82586,ENXOVAL LOJA NOVA - SEGISMUNDO E MARILEUSA,E,2025-04-10 21:33:00.000,172650,14079.00
43265,919162,CALENDARIO PROMOCIONAL MAIO,E,2025-04-10 21:44:00.000,172650,1.00
43266,11371,"GISLENE PROPOSTA INTRODUÃ├O CARMED - R$8.049,24",A,2025-04-11 09:55:00.000,131656,8049.24
43267,32629,REPOSICAO MAPEX UNIFICACAO BRINDE,A,2025-04-11 17:16:00.000,151662,24022.79
43268,891209,PROPOSTA COTY,E,2025-04-11 17:17:00.000,166082,0.10
43269,819018,INTRODUÃ├O STARLUX ENERGY,E,2025-04-11 17:33:00.000,131656,1.00
43270,706443,AÃ├O SELLOUT BANANA BOAT,E,2025-04-11 17:39:00.000,166082,0.10
43271,148658,NEGOCIAÃ├O MAPEX ABERTURA DE LOJA,E,2025-04-12 09:10:00.000,131656,1.00
43272,148658,INTRODUÃ├O FRALDA,E,2025-04-12 09:33:00.000,131656,1.00
43273,842865,REPOSICAO MAPEX COTY 50% BONIF,A,2025-04-12 11:14:00.000,151662,13122.00
43274,983823,INTRODUÃ├O E REPOSIÃ├O MARCAS ARCOM,E,2025-04-14 09:14:00.000,158188,1.00
43275,509268,PROPOSTA REBAIXA TOALHINHAS - BH,E,2025-04-14 11:28:00.000,172650,1.00
43276,51866,"PROPOSTA TV""S 32""",A,2025-04-14 17:01:00.000,175646,42135.97
43277,870026,REPOSICAO MAPEX,A,2025-04-14 17:26:00.000,151662,50433.38
43278,929309,INTRODUÃ├O CARMED PROPECÃ├O,E,2025-04-14 17:33:00.000,158188,6500.00
43279,148658,GISLENE PROPOSTA INTRODUÃ├O CARMED,E,2025-04-15 11:16:00.000,131656,1.00
43280,10756,GISLENE PROPOSTA INTRODUÃ├O STARLUX ENERGY,E,2025-04-15 11:20:00.000,131656,1.00
43281,742606,GISLENE PROPOSTA INTRODUÃ├O STARLUX ENERGY - R$,E,2025-04-15 11:28:00.000,131656,1.00
43282,622320,GISLENE PROPOSTA INTRODUÃ├O CARMED - R$,E,2025-04-15 11:47:00.000,131656,1.00
43283,819018,"GISLENE PROPOSTA INTRODUÃ├O STARLUX ENERGY - R$18.715,50",A,2025-04-15 16:40:00.000,131656,18715.50
43284,972704,"KARINA INTRODUÃ├O CARMED R$17.000,00",R,2025-04-16 09:34:00.000,158188,1.00
43285,930666,"KARINA INTRODUÃ├O CAMED / DENTIL R$15.000,00",E,2025-04-16 09:58:00.000,158188,1.00
43286,887295,PROPOSTA STARLUX ENERGY,E,2025-04-16 15:36:00.000,172650,1.00
43287,661941,REPOSIÃ├O MAPEX (COTY / DENTIL),E,2025-04-16 17:03:00.000,175646,13461.00
43288,834260,NEGOCIAÃ├O MAPEX,E,2025-04-16 17:46:00.000,131656,1.00
43289,837944,REPOSICAO MAPEX,E,2025-04-16 17:51:00.000,151662,1.00
43290,905502,ANDRESSA PROPOSTA INTRODUÃ├OáDENTILá-áR$,E,2025-04-17 09:01:00.000,172650,20000.00
43291,146619,NOME PROPOSTA INTRODUÃ├O STARLUX ENERGY - R$ / DENTIL - R$,E,2025-04-17 10:08:00.000,175646,20800.00
43292,785606,"KARINA INTRODUÃ├O CARMED  R$6.000,00",E,2025-04-17 10:08:00.000,158188,1.00
43293,510800,GISLENE PROPOSTA INTRODUÃ├O CARMED- R$,E,2025-04-17 11:01:00.000,131656,1.00
43294,972704,"GISLENE PROPOSTA INTRODUÃ├O CARMED- R$15.300,00",A,2025-04-17 14:59:00.000,131656,15300.00
43295,127673,MELISSA - EM CONTATO COM SR. JORGE ISACARE (DESODORANTES); LINHA CROCKS;,E,2025-04-17 15:09:00.000,175679,1.00
43296,59354,"KARINA INTRODUÃ├O DENTIL/ TRIM / STARLUX ENERGY R$7.500,00",E,2025-04-17 16:57:00.000,158188,1.00
43297,846317,REPOSIÃ├O TRIM E DENTIL,E,2025-04-17 17:13:00.000,175646,1300.00
43298,122528,MELISSA - INTRODUÃ├O PRODUTOS CARMED - TRIM - DENTIL - STARLUX ENERGY;,E,2025-04-17 17:30:00.000,175679,1.00
43299,527340,REPOSICAO MAPEX,E,2025-04-22 11:25:00.000,151662,1.00
43300,641576,GISLENE PROPOSTA INTRODUÃ├O CARMED- R$,E,2025-04-22 21:13:00.000,131656,1.00
43301,919162,INTRODUÃ├O DENTIL,E,2025-04-23 10:39:00.000,172650,1.00
43302,933420,REPOSIÃ├O COTY,E,2025-04-23 14:28:00.000,175646,3000.00
43303,219726,INTRODUÃ├O CROCKS/ DENTIL/ STARLUX ENERGY/ CARMED,E,2025-04-23 17:38:00.000,175646,30000.00
43304,977817,REPOSICAO MAPEX,E,2025-04-23 18:06:00.000,151662,1.00
